relpath,artifact_type,tool,top_level_status,ceta_result,hash_status,size_bytes,sha256,signals,absolute_path
m19_github_runs/artifacts/25104952228/m19-rewriting-challenge-search-both/logs/m19_collatz_S1_without_ff_end_to_0_end_arctic_d1_rw2.log,tool_log,,,,missing_sidecar,257,d2d36618f9f44cb222b9e704d41006bfde4b530cb4d12a84cbe91219f7b5bb4d,,C:\dev\vert\collatz\reports\m19_github_runs\artifacts\25104952228\m19-rewriting-challenge-search-both\logs\m19_collatz_S1_without_ff_end_to_0_end_arctic_d1_rw2.log
m19_github_runs/artifacts/25104952228/m19-rewriting-challenge-search-both/logs/m19_collatz_S1_without_ff_end_to_0_end_arctic_d1_rw3.log,tool_log,,,,missing_sidecar,258,a698b1e3d17e55ce008b523772c054110527055f7fb88edf2221026fba4843ee,,C:\dev\vert\collatz\reports\m19_github_runs\artifacts\25104952228\m19-rewriting-challenge-search-both\logs\m19_collatz_S1_without_ff_end_to_0_end_arctic_d1_rw3.log
m19_github_runs/artifacts/25104952228/m19-rewriting-challenge-search-both/logs/m19_collatz_S1_without_ff_end_to_0_end_arctic_d1_rw4.log,tool_log,,,,missing_sidecar,259,af47394cd463f2c1b19fef38ca1e5978602c597710019af37cf974595c2ce02d,,C:\dev\vert\collatz\reports\m19_github_runs\artifacts\25104952228\m19-rewriting-challenge-search-both\logs\m19_collatz_S1_without_ff_end_to_0_end_arctic_d1_rw4.log
m19_github_runs/artifacts/25104952228/m19-rewriting-challenge-search-both/logs/m19_collatz_S1_without_ff_end_to_0_end_arctic_d1_rw5.log,tool_log,,,,missing_sidecar,259,918ac082fe5c1e6c46bf0e722e3285bff905756c6fffd2575908f6e2341898b2,,C:\dev\vert\collatz\reports\m19_github_runs\artifacts\25104952228\m19-rewriting-challenge-search-both\logs\m19_collatz_S1_without_ff_end_to_0_end_arctic_d1_rw5.log
m19_github_runs/artifacts/25104952228/m19-rewriting-challenge-search-both/logs/m19_collatz_S1_without_ff_end_to_0_end_arctic_d2_rw2.log,tool_log,,,,missing_sidecar,259,44765792c11567199603c710b8685961dddd488db4dc2c11857638931d2c5a46,,C:\dev\vert\collatz\reports\m19_github_runs\artifacts\25104952228\m19-rewriting-challenge-search-both\logs\m19_collatz_S1_without_ff_end_to_0_end_arctic_d2_rw2.log
m19_github_runs/artifacts/25104952228/m19-rewriting-challenge-search-both/logs/m19_collatz_S1_without_ff_end_to_0_end_arctic_d2_rw3.log,tool_log,,,,missing_sidecar,260,305898f023d8f92e58ece7645772ad977e5aaeaa8fc0012b8b671f3aff0230ed,,C:\dev\vert\collatz\reports\m19_github_runs\artifacts\25104952228\m19-rewriting-challenge-search-both\logs\m19_collatz_S1_without_ff_end_to_0_end_arctic_d2_rw3.log
m19_github_runs/artifacts/25104952228/m19-rewriting-challenge-search-both/logs/m19_collatz_S1_without_ff_end_to_0_end_arctic_d2_rw4.log,tool_log,,,,missing_sidecar,260,c38c7dae7353a76f91677967a1cfda44fe561d4f78e4261823d0f233dab1571e,,C:\dev\vert\collatz\reports\m19_github_runs\artifacts\25104952228\m19-rewriting-challenge-search-both\logs\m19_collatz_S1_without_ff_end_to_0_end_arctic_d2_rw4.log
m19_github_runs/artifacts/25104952228/m19-rewriting-challenge-search-both/logs/m19_collatz_S1_without_ff_end_to_0_end_arctic_d2_rw5.log,tool_log,,,,missing_sidecar,261,d83088fee04f1e1d58ec0da87b6881aa2b77ccf89717832a88a4fa528195ec02,,C:\dev\vert\collatz\reports\m19_github_runs\artifacts\25104952228\m19-rewriting-challenge-search-both\logs\m19_collatz_S1_without_ff_end_to_0_end_arctic_d2_rw5.log
m19_github_runs/artifacts/25104952228/m19-rewriting-challenge-search-both/logs/m19_collatz_S1_without_ff_end_to_0_end_arctic_d3_rw2.log,tool_log,,,,missing_sidecar,261,afc387345f0808caba5d605e5d0926d3b8f4ed51ed0b89a5b3c49f393eab6dda,,C:\dev\vert\collatz\reports\m19_github_runs\artifacts\25104952228\m19-rewriting-challenge-search-both\logs\m19_collatz_S1_without_ff_end_to_0_end_arctic_d3_rw2.log
m19_github_runs/artifacts/25104952228/m19-rewriting-challenge-search-both/logs/m19_collatz_S1_without_ff_end_to_0_end_arctic_d3_rw3.log,tool_log,,,,missing_sidecar,261,526f9872ef62837e1f423cf0156ba1f09bd284d933eb1925254ff69c2cb48b24,,C:\dev\vert\collatz\reports\m19_github_runs\artifacts\25104952228\m19-rewriting-challenge-search-both\logs\m19_collatz_S1_without_ff_end_to_0_end_arctic_d3_rw3.log
m19_github_runs/artifacts/25104952228/m19-rewriting-challenge-search-both/logs/m19_collatz_S1_without_ff_end_to_0_end_arctic_d3_rw4.log,tool_log,,,,missing_sidecar,262,a1c68956a824f64c13d1a082b4aea433bc4803b9338979c37a37981c314efce3,,C:\dev\vert\collatz\reports\m19_github_runs\artifacts\25104952228\m19-rewriting-challenge-search-both\logs\m19_collatz_S1_without_ff_end_to_0_end_arctic_d3_rw4.log
m19_github_runs/artifacts/25104952228/m19-rewriting-challenge-search-both/logs/m19_collatz_S1_without_ff_end_to_0_end_arctic_d3_rw5.log,tool_log,,,,missing_sidecar,262,1798c7fd4b92db57d7d72f4b2215a515e5fe8b76e685b346b32822207db498ac,,C:\dev\vert\collatz\reports\m19_github_runs\artifacts\25104952228\m19-rewriting-challenge-search-both\logs\m19_collatz_S1_without_ff_end_to_0_end_arctic_d3_rw5.log
m19_github_runs/artifacts/25104952228/m19-rewriting-challenge-search-both/logs/m19_collatz_S1_without_ff_end_to_0_end_natural_d1_rw2.log,tool_log,rewriting-collatz,,,missing_sidecar,845,9568838cb5e416a0b3d7c7792a509caed8becab913860f3d04482ed032ffab3a,,C:\dev\vert\collatz\reports\m19_github_runs\artifacts\25104952228\m19-rewriting-challenge-search-both\logs\m19_collatz_S1_without_ff_end_to_0_end_natural_d1_rw2.log
m19_github_runs/artifacts/25104952228/m19-rewriting-challenge-search-both/logs/m19_collatz_S1_without_ff_end_to_0_end_natural_d1_rw3.log,tool_log,,,,missing_sidecar,259,1066aa7c931492fd119ba5cfa2496611d02cfa3708cb10d3cde694b0a0ab4ee6,,C:\dev\vert\collatz\reports\m19_github_runs\artifacts\25104952228\m19-rewriting-challenge-search-both\logs\m19_collatz_S1_without_ff_end_to_0_end_natural_d1_rw3.log
m19_github_runs/artifacts/25104952228/m19-rewriting-challenge-search-both/logs/m19_collatz_S1_without_ff_end_to_0_end_natural_d1_rw4.log,tool_log,,,,missing_sidecar,260,59dca46791eb906df315e4de45f4f74f258bb390cd97a78a588313032fe6ca6a,,C:\dev\vert\collatz\reports\m19_github_runs\artifacts\25104952228\m19-rewriting-challenge-search-both\logs\m19_collatz_S1_without_ff_end_to_0_end_natural_d1_rw4.log
m19_github_runs/artifacts/25104952228/m19-rewriting-challenge-search-both/logs/m19_collatz_S1_without_ff_end_to_0_end_natural_d1_rw5.log,tool_log,,,,missing_sidecar,260,b396b2f5e3d3a219317eaaf5b64ada89146392d0a8fca69817d954b767bef09d,,C:\dev\vert\collatz\reports\m19_github_runs\artifacts\25104952228\m19-rewriting-challenge-search-both\logs\m19_collatz_S1_without_ff_end_to_0_end_natural_d1_rw5.log
m19_github_runs/artifacts/25104952228/m19-rewriting-challenge-search-both/logs/m19_collatz_S1_without_ff_end_to_0_end_natural_d2_rw2.log,tool_log,,,,missing_sidecar,260,ee95de13ad6fcdc9fe55ce21d89fd947ab4795f7dd2a4f61417d7875a7a3e4ec,,C:\dev\vert\collatz\reports\m19_github_runs\artifacts\25104952228\m19-rewriting-challenge-search-both\logs\m19_collatz_S1_without_ff_end_to_0_end_natural_d2_rw2.log
m19_github_runs/artifacts/25104952228/m19-rewriting-challenge-search-both/logs/m19_collatz_S1_without_ff_end_to_0_end_natural_d2_rw3.log,tool_log,,,,missing_sidecar,261,71afc0fdc71fae023f0e5820fc0605b8185418c1885b01016bd1390f39001e65,,C:\dev\vert\collatz\reports\m19_github_runs\artifacts\25104952228\m19-rewriting-challenge-search-both\logs\m19_collatz_S1_without_ff_end_to_0_end_natural_d2_rw3.log
m19_github_runs/artifacts/25104952228/m19-rewriting-challenge-search-both/logs/m19_collatz_S1_without_ff_end_to_0_end_natural_d2_rw4.log,tool_log,,,,missing_sidecar,261,b87cbec3ff4a6f3c34e76b0093e771cebddd1d967beb14c04516e9e1e6fe0f29,,C:\dev\vert\collatz\reports\m19_github_runs\artifacts\25104952228\m19-rewriting-challenge-search-both\logs\m19_collatz_S1_without_ff_end_to_0_end_natural_d2_rw4.log
m19_github_runs/artifacts/25104952228/m19-rewriting-challenge-search-both/logs/m19_collatz_S1_without_ff_end_to_0_end_natural_d2_rw5.log,tool_log,,,,missing_sidecar,262,d86d589442e7c88e367a246d2fb2de8c3545a70042524bee603af32f823dd5c4,,C:\dev\vert\collatz\reports\m19_github_runs\artifacts\25104952228\m19-rewriting-challenge-search-both\logs\m19_collatz_S1_without_ff_end_to_0_end_natural_d2_rw5.log
m19_github_runs/artifacts/25104952228/m19-rewriting-challenge-search-both/logs/m19_collatz_S1_without_ff_end_to_0_end_natural_d3_rw2.log,tool_log,,,,missing_sidecar,261,da1e02ea01bb88d9acae8495e04307b4a4353aba950f2d7d6755c7f2755df829,,C:\dev\vert\collatz\reports\m19_github_runs\artifacts\25104952228\m19-rewriting-challenge-search-both\logs\m19_collatz_S1_without_ff_end_to_0_end_natural_d3_rw2.log
m19_github_runs/artifacts/25104952228/m19-rewriting-challenge-search-both/logs/m19_collatz_S1_without_ff_end_to_0_end_natural_d3_rw3.log,tool_log,,,,missing_sidecar,262,481869b9e59a4934e4dace1f55c567dae8f048641ce6c619475ea94ba92850d9,,C:\dev\vert\collatz\reports\m19_github_runs\artifacts\25104952228\m19-rewriting-challenge-search-both\logs\m19_collatz_S1_without_ff_end_to_0_end_natural_d3_rw3.log
m19_github_runs/artifacts/25104952228/m19-rewriting-challenge-search-both/logs/m19_collatz_S1_without_ff_end_to_0_end_natural_d3_rw4.log,tool_log,,,,missing_sidecar,262,8f61535b7dfad471b0149dffa13e64378af0646448086f22a7294563590ab0e6,,C:\dev\vert\collatz\reports\m19_github_runs\artifacts\25104952228\m19-rewriting-challenge-search-both\logs\m19_collatz_S1_without_ff_end_to_0_end_natural_d3_rw4.log
m19_github_runs/artifacts/25104952228/m19-rewriting-challenge-search-both/logs/m19_collatz_S1_without_ff_end_to_0_end_natural_d3_rw5.log,tool_log,,,,missing_sidecar,262,e06bf4b8e4403361e8f944f7d3e2482f9541d3ee44a96e7c22163b43853221e0,,C:\dev\vert\collatz\reports\m19_github_runs\artifacts\25104952228\m19-rewriting-challenge-search-both\logs\m19_collatz_S1_without_ff_end_to_0_end_natural_d3_rw5.log
m19_github_runs/artifacts/25104952228/m19-rewriting-challenge-search-both/logs/m19_collatz_S2_without_tf_end_to_end_arctic_d1_rw2.log,tool_log,,,,missing_sidecar,259,bd0dd0d1c3f981cb0208adcb3700094d4f8f0841ca55f16c8e755e0940b2eb9b,,C:\dev\vert\collatz\reports\m19_github_runs\artifacts\25104952228\m19-rewriting-challenge-search-both\logs\m19_collatz_S2_without_tf_end_to_end_arctic_d1_rw2.log
m19_github_runs/artifacts/25104952228/m19-rewriting-challenge-search-both/logs/m19_collatz_S2_without_tf_end_to_end_arctic_d1_rw3.log,tool_log,,,,missing_sidecar,259,51cec7113fa41108c8dc417f58382bf9a411937ba7f6a2e3fe7f87f9ec500278,,C:\dev\vert\collatz\reports\m19_github_runs\artifacts\25104952228\m19-rewriting-challenge-search-both\logs\m19_collatz_S2_without_tf_end_to_end_arctic_d1_rw3.log
m19_github_runs/artifacts/25104952228/m19-rewriting-challenge-search-both/logs/m19_collatz_S2_without_tf_end_to_end_arctic_d1_rw4.log,tool_log,,,,missing_sidecar,260,4f89bc0e6754b2e8fe749b21a9c4094bfdbd583e0804ddb9c4ba24ad82bfd000,,C:\dev\vert\collatz\reports\m19_github_runs\artifacts\25104952228\m19-rewriting-challenge-search-both\logs\m19_collatz_S2_without_tf_end_to_end_arctic_d1_rw4.log
m19_github_runs/artifacts/25104952228/m19-rewriting-challenge-search-both/logs/m19_collatz_S2_without_tf_end_to_end_arctic_d1_rw5.log,tool_log,,,,missing_sidecar,260,921903b89fa84a1b6ba3f1a388461fd37bd6778400a8058f6b37fcd77629569f,,C:\dev\vert\collatz\reports\m19_github_runs\artifacts\25104952228\m19-rewriting-challenge-search-both\logs\m19_collatz_S2_without_tf_end_to_end_arctic_d1_rw5.log
m19_github_runs/artifacts/25104952228/m19-rewriting-challenge-search-both/logs/m19_collatz_S2_without_tf_end_to_end_arctic_d2_rw2.log,tool_log,,,,missing_sidecar,260,a1c127a0b9bd5dc5702885a02a1ac5e6518c37c5af64df32a1885e6c22fb941e,,C:\dev\vert\collatz\reports\m19_github_runs\artifacts\25104952228\m19-rewriting-challenge-search-both\logs\m19_collatz_S2_without_tf_end_to_end_arctic_d2_rw2.log
m19_github_runs/artifacts/25104952228/m19-rewriting-challenge-search-both/logs/m19_collatz_S2_without_tf_end_to_end_arctic_d2_rw3.log,tool_log,,,,missing_sidecar,261,caace28ca2d6babad0f8fcdb21cec10a7acd1ec642d53dce51c10647ba6333cd,,C:\dev\vert\collatz\reports\m19_github_runs\artifacts\25104952228\m19-rewriting-challenge-search-both\logs\m19_collatz_S2_without_tf_end_to_end_arctic_d2_rw3.log
m19_github_runs/artifacts/25104952228/m19-rewriting-challenge-search-both/logs/m19_collatz_S2_without_tf_end_to_end_arctic_d2_rw4.log,tool_log,,,,missing_sidecar,261,6ab4cda4b6edf7dbcb8e8cd96c63ca0c3b017842a2cdd65e72ae75ea7144c652,,C:\dev\vert\collatz\reports\m19_github_runs\artifacts\25104952228\m19-rewriting-challenge-search-both\logs\m19_collatz_S2_without_tf_end_to_end_arctic_d2_rw4.log
m19_github_runs/artifacts/25104952228/m19-rewriting-challenge-search-both/logs/m19_collatz_S2_without_tf_end_to_end_arctic_d2_rw5.log,tool_log,,,,missing_sidecar,262,66bc6df3d2f6eb7322996be55536e1059c8dfdaa7f1a89a484938f93738dc248,,C:\dev\vert\collatz\reports\m19_github_runs\artifacts\25104952228\m19-rewriting-challenge-search-both\logs\m19_collatz_S2_without_tf_end_to_end_arctic_d2_rw5.log
m19_github_runs/artifacts/25104952228/m19-rewriting-challenge-search-both/logs/m19_collatz_S2_without_tf_end_to_end_arctic_d3_rw2.log,tool_log,,,,missing_sidecar,262,c5ad668efd1118cce1906f0fda23b366736be338ed68c3d13c56a8171721ec59,,C:\dev\vert\collatz\reports\m19_github_runs\artifacts\25104952228\m19-rewriting-challenge-search-both\logs\m19_collatz_S2_without_tf_end_to_end_arctic_d3_rw2.log
m19_github_runs/artifacts/25104952228/m19-rewriting-challenge-search-both/logs/m19_collatz_S2_without_tf_end_to_end_arctic_d3_rw3.log,tool_log,,,,missing_sidecar,262,c15208ad8fa5c3858d404dc07544ea6194b4da96c142799863c3398d781b3195,,C:\dev\vert\collatz\reports\m19_github_runs\artifacts\25104952228\m19-rewriting-challenge-search-both\logs\m19_collatz_S2_without_tf_end_to_end_arctic_d3_rw3.log
m19_github_runs/artifacts/25104952228/m19-rewriting-challenge-search-both/logs/m19_collatz_S2_without_tf_end_to_end_arctic_d3_rw4.log,tool_log,,,,missing_sidecar,263,1b8823b2b197dd867f5f66c787ac77c14c279fa10ba9c4fa1178c25323eb4239,,C:\dev\vert\collatz\reports\m19_github_runs\artifacts\25104952228\m19-rewriting-challenge-search-both\logs\m19_collatz_S2_without_tf_end_to_end_arctic_d3_rw4.log
m19_github_runs/artifacts/25104952228/m19-rewriting-challenge-search-both/logs/m19_collatz_S2_without_tf_end_to_end_arctic_d3_rw5.log,tool_log,,,,missing_sidecar,263,4765efc967f907ad6ea7f45b4ab12eba3b1f32f4b51cb730bfb486fa8f13fd1d,,C:\dev\vert\collatz\reports\m19_github_runs\artifacts\25104952228\m19-rewriting-challenge-search-both\logs\m19_collatz_S2_without_tf_end_to_end_arctic_d3_rw5.log
m19_github_runs/artifacts/25104952228/m19-rewriting-challenge-search-both/logs/m19_collatz_S2_without_tf_end_to_end_natural_d1_rw2.log,tool_log,,,,missing_sidecar,259,c772a0d151acdffc375d4b6bb7b97a7188cc2e4b8db0bf28cca4777f9076ea4d,,C:\dev\vert\collatz\reports\m19_github_runs\artifacts\25104952228\m19-rewriting-challenge-search-both\logs\m19_collatz_S2_without_tf_end_to_end_natural_d1_rw2.log
m19_github_runs/artifacts/25104952228/m19-rewriting-challenge-search-both/logs/m19_collatz_S2_without_tf_end_to_end_natural_d1_rw3.log,tool_log,,,,missing_sidecar,260,260d2bc4548f628cab8995aaccaf8fffb28715ff8721e4cd0f03578f81e8f03a,,C:\dev\vert\collatz\reports\m19_github_runs\artifacts\25104952228\m19-rewriting-challenge-search-both\logs\m19_collatz_S2_without_tf_end_to_end_natural_d1_rw3.log
m19_github_runs/artifacts/25104952228/m19-rewriting-challenge-search-both/logs/m19_collatz_S2_without_tf_end_to_end_natural_d1_rw4.log,tool_log,,,,missing_sidecar,261,5fd25c5ec95387b4bcee395c4f42b65111fdd92511aee22525cace18b6e585af,,C:\dev\vert\collatz\reports\m19_github_runs\artifacts\25104952228\m19-rewriting-challenge-search-both\logs\m19_collatz_S2_without_tf_end_to_end_natural_d1_rw4.log
m19_github_runs/artifacts/25104952228/m19-rewriting-challenge-search-both/logs/m19_collatz_S2_without_tf_end_to_end_natural_d1_rw5.log,tool_log,,,,missing_sidecar,261,e72a68cfee1f0784a24cf49f44b8d1d105648b0b36e6495e7ba17bc9dbf8274a,,C:\dev\vert\collatz\reports\m19_github_runs\artifacts\25104952228\m19-rewriting-challenge-search-both\logs\m19_collatz_S2_without_tf_end_to_end_natural_d1_rw5.log
m19_github_runs/artifacts/25104952228/m19-rewriting-challenge-search-both/logs/m19_collatz_S2_without_tf_end_to_end_natural_d2_rw2.log,tool_log,,,,missing_sidecar,261,812e7d5d6bffff3303f3a6cf039900a564be742c95dd3313823126a5c08485c2,,C:\dev\vert\collatz\reports\m19_github_runs\artifacts\25104952228\m19-rewriting-challenge-search-both\logs\m19_collatz_S2_without_tf_end_to_end_natural_d2_rw2.log
m19_github_runs/artifacts/25104952228/m19-rewriting-challenge-search-both/logs/m19_collatz_S2_without_tf_end_to_end_natural_d2_rw3.log,tool_log,,,,missing_sidecar,262,267ba539e3eae8b30fb328757be704ab769c8b0050d76b0293b3249348f50133,,C:\dev\vert\collatz\reports\m19_github_runs\artifacts\25104952228\m19-rewriting-challenge-search-both\logs\m19_collatz_S2_without_tf_end_to_end_natural_d2_rw3.log
m19_github_runs/artifacts/25104952228/m19-rewriting-challenge-search-both/logs/m19_collatz_S2_without_tf_end_to_end_natural_d2_rw4.log,tool_log,,,,missing_sidecar,262,28f25bf4449b4f0f06f1194ea1bd9ab1f9399d4311a11e8136e882475e7635ea,,C:\dev\vert\collatz\reports\m19_github_runs\artifacts\25104952228\m19-rewriting-challenge-search-both\logs\m19_collatz_S2_without_tf_end_to_end_natural_d2_rw4.log
m19_github_runs/artifacts/25104952228/m19-rewriting-challenge-search-both/logs/m19_collatz_S2_without_tf_end_to_end_natural_d2_rw5.log,tool_log,,,,missing_sidecar,263,f56eab185dd9b73d6c2fbfc1177ffbdbe8c598691da8612d573ba7785a9bc8dc,,C:\dev\vert\collatz\reports\m19_github_runs\artifacts\25104952228\m19-rewriting-challenge-search-both\logs\m19_collatz_S2_without_tf_end_to_end_natural_d2_rw5.log
m19_github_runs/artifacts/25104952228/m19-rewriting-challenge-search-both/logs/m19_collatz_S2_without_tf_end_to_end_natural_d3_rw2.log,tool_log,,,,missing_sidecar,262,a97f4f82b5b0bd99dffe73b82abc744229af2ab0e2cec8814d3394046296e7c0,,C:\dev\vert\collatz\reports\m19_github_runs\artifacts\25104952228\m19-rewriting-challenge-search-both\logs\m19_collatz_S2_without_tf_end_to_end_natural_d3_rw2.log
m19_github_runs/artifacts/25104952228/m19-rewriting-challenge-search-both/logs/m19_collatz_S2_without_tf_end_to_end_natural_d3_rw3.log,tool_log,,,,missing_sidecar,263,46ac82bbee7273df6ceda93aab5203ba34233e79252bef4153e81d86b8db6b94,,C:\dev\vert\collatz\reports\m19_github_runs\artifacts\25104952228\m19-rewriting-challenge-search-both\logs\m19_collatz_S2_without_tf_end_to_end_natural_d3_rw3.log
m19_github_runs/artifacts/25104952228/m19-rewriting-challenge-search-both/logs/m19_collatz_S2_without_tf_end_to_end_natural_d3_rw4.log,tool_log,,,,missing_sidecar,263,f9eca94337ae5b565b0de34215e5839437ec2d9843668063061fd01bdb940369,,C:\dev\vert\collatz\reports\m19_github_runs\artifacts\25104952228\m19-rewriting-challenge-search-both\logs\m19_collatz_S2_without_tf_end_to_end_natural_d3_rw4.log
m19_github_runs/artifacts/25104952228/m19-rewriting-challenge-search-both/logs/m19_collatz_S2_without_tf_end_to_end_natural_d3_rw5.log,tool_log,,,,missing_sidecar,263,2f0b66ec9e501841eeba37495286d6f6a4f51135f4bf8a3d5474d70a9e8129a8,,C:\dev\vert\collatz\reports\m19_github_runs\artifacts\25104952228\m19-rewriting-challenge-search-both\logs\m19_collatz_S2_without_tf_end_to_end_natural_d3_rw5.log
m19_github_runs/artifacts/25104952228/m19-rewriting-challenge-search-both/m19_challenge_grid.csv,inventory_or_report,rewriting-collatz,ERROR,,missing_sidecar,12222,069c9704bee18df2f413b8969a2a508ce5e1acef4e50388a39d808f9e5c259cc,,C:\dev\vert\collatz\reports\m19_github_runs\artifacts\25104952228\m19-rewriting-challenge-search-both\m19_challenge_grid.csv
m19_github_runs/artifacts/25104952228/m19-rewriting-challenge-search-both/m19_challenge_grid.md,inventory_or_report,rewriting-collatz,,,missing_sidecar,4796,5cf9c3817616b23c7260a4cabe10d94b425c29d240dd0ed54ec8ec2220207739,qed,C:\dev\vert\collatz\reports\m19_github_runs\artifacts\25104952228\m19-rewriting-challenge-search-both\m19_challenge_grid.md
m19_github_runs/artifacts/25104952325/m19-aprove-challenge-search-both/logs/m19_collatz_S1_without_ff_end_to_0_end.aprove.aprove.log,tool_log,aprove,KILLED,,missing_sidecar,1124128,6d125f407b616b98e9c0b99bd8537a8255978965f555e6e7b188eb90803a426c,versioned,C:\dev\vert\collatz\reports\m19_github_runs\artifacts\25104952325\m19-aprove-challenge-search-both\logs\m19_collatz_S1_without_ff_end_to_0_end.aprove.aprove.log
m19_github_runs/artifacts/25104952325/m19-aprove-challenge-search-both/logs/m19_collatz_S2_without_tf_end_to_end.aprove.aprove.log,tool_log,aprove,KILLED,,missing_sidecar,1020083,109a9f809475eb88f014f7d16384347aaf6527528f75e48edbfe82c4f66cce5c,versioned,C:\dev\vert\collatz\reports\m19_github_runs\artifacts\25104952325\m19-aprove-challenge-search-both\logs\m19_collatz_S2_without_tf_end_to_end.aprove.aprove.log
m19_github_runs/artifacts/25104952325/m19-aprove-challenge-search-both/m19_aprove_challenges.csv,inventory_or_report,aprove,KILLED,,missing_sidecar,573,9649f10a328bc3ba861cf8e84324ae937fd58a11f7d11c0e25d92f1b9cdf8a65,,C:\dev\vert\collatz\reports\m19_github_runs\artifacts\25104952325\m19-aprove-challenge-search-both\m19_aprove_challenges.csv
m19_github_runs/artifacts/25104952325/m19-aprove-challenge-search-both/m19_aprove_challenges.md,inventory_or_report,aprove,,,missing_sidecar,485,fefe6e4f4ce51cc1fa15cf6cf4c2f973b85e473fcd7c6bf412a319f9a2fbdfb3,,C:\dev\vert\collatz\reports\m19_github_runs\artifacts\25104952325\m19-aprove-challenge-search-both\m19_aprove_challenges.md
m19_github_runs/artifacts/25105347516/m19-aprove-environment-probe-both/logs/m19_collatz_S1_without_ff_end_to_0_end.aprove.aprove-probe.log,tool_log,aprove,KILLED,,missing_sidecar,514076,2f7bb73daec31c5cc3d17a4b00bcf238986f890107fd0365b23549520477e097,versioned,C:\dev\vert\collatz\reports\m19_github_runs\artifacts\25105347516\m19-aprove-environment-probe-both\logs\m19_collatz_S1_without_ff_end_to_0_end.aprove.aprove-probe.log
m19_github_runs/artifacts/25105347516/m19-aprove-environment-probe-both/logs/m19_collatz_S2_without_tf_end_to_end.aprove.aprove-probe.log,tool_log,aprove,KILLED,,missing_sidecar,461694,d017a5cdef2fd5d34fe2e5723434d9ab12d2de68d6f1a1151ffbd0b79d9f16e3,versioned,C:\dev\vert\collatz\reports\m19_github_runs\artifacts\25105347516\m19-aprove-environment-probe-both\logs\m19_collatz_S2_without_tf_end_to_end.aprove.aprove-probe.log
m19_github_runs/artifacts/25105347516/m19-aprove-environment-probe-both/m19_aprove_environment_probe.json,inventory_or_report,aprove,,,missing_sidecar,4888,346d4eba55534cc3f427d6beb88fe85f232a9f73850ee6f6b54c595bbf3a8228,versioned,C:\dev\vert\collatz\reports\m19_github_runs\artifacts\25105347516\m19-aprove-environment-probe-both\m19_aprove_environment_probe.json
m19_github_runs/artifacts/25105347516/m19-aprove-environment-probe-both/m19_aprove_environment_probe.md,inventory_or_report,aprove,,,missing_sidecar,2128,af9b8f94ce25a7360512ac2a8a65724795bdc69bbad59caee7f6f4b46e23f0ae,,C:\dev\vert\collatz\reports\m19_github_runs\artifacts\25105347516\m19-aprove-environment-probe-both\m19_aprove_environment_probe.md
m19_github_runs/artifacts/25105347516/m19-aprove-environment-probe-both/m19_aprove_environment_probe_runs.csv,inventory_or_report,aprove,,,missing_sidecar,719,29c6845c586388c5ec67aa53fa7b41bdeaa72d8c80f1dbee71f74f485b58ef2b,,C:\dev\vert\collatz\reports\m19_github_runs\artifacts\25105347516\m19-aprove-environment-probe-both\m19_aprove_environment_probe_runs.csv
m19_github_runs/artifacts/25105347569/m19-rewriting-challenge-search-both/logs/m19_collatz_S1_without_ff_end_to_0_end_arctic_d1_rw2.log,tool_log,,,,missing_sidecar,222,70e4f27447c6073e089a6e9457f814d61b6ec0dc2385fa1d13f4bf6ed8c3bf46,,C:\dev\vert\collatz\reports\m19_github_runs\artifacts\25105347569\m19-rewriting-challenge-search-both\logs\m19_collatz_S1_without_ff_end_to_0_end_arctic_d1_rw2.log
m19_github_runs/artifacts/25105347569/m19-rewriting-challenge-search-both/logs/m19_collatz_S1_without_ff_end_to_0_end_arctic_d1_rw3.log,tool_log,,,,missing_sidecar,223,de0cb8d0b9a6c1cc78a4b0cecbcb3166662db2ec6688aa30e6a1193321b4b4d1,,C:\dev\vert\collatz\reports\m19_github_runs\artifacts\25105347569\m19-rewriting-challenge-search-both\logs\m19_collatz_S1_without_ff_end_to_0_end_arctic_d1_rw3.log
m19_github_runs/artifacts/25105347569/m19-rewriting-challenge-search-both/logs/m19_collatz_S1_without_ff_end_to_0_end_arctic_d1_rw4.log,tool_log,,,,missing_sidecar,224,9d0d645e888d950419ae8a407bc04c6bee3ab3a05dfc989741c2d40983e28c10,,C:\dev\vert\collatz\reports\m19_github_runs\artifacts\25105347569\m19-rewriting-challenge-search-both\logs\m19_collatz_S1_without_ff_end_to_0_end_arctic_d1_rw4.log
m19_github_runs/artifacts/25105347569/m19-rewriting-challenge-search-both/logs/m19_collatz_S1_without_ff_end_to_0_end_arctic_d1_rw5.log,tool_log,,,,missing_sidecar,224,bc463fa31794d79265954795bb22985c66afc41dd971350eb114a8171a6db3c7,,C:\dev\vert\collatz\reports\m19_github_runs\artifacts\25105347569\m19-rewriting-challenge-search-both\logs\m19_collatz_S1_without_ff_end_to_0_end_arctic_d1_rw5.log
m19_github_runs/artifacts/25105347569/m19-rewriting-challenge-search-both/logs/m19_collatz_S1_without_ff_end_to_0_end_arctic_d2_rw2.log,tool_log,,,,missing_sidecar,224,48567a0bb3ea254d550a9b24fe8f74c49cd5938f5eca8d4b4fccc87398a18b07,,C:\dev\vert\collatz\reports\m19_github_runs\artifacts\25105347569\m19-rewriting-challenge-search-both\logs\m19_collatz_S1_without_ff_end_to_0_end_arctic_d2_rw2.log
m19_github_runs/artifacts/25105347569/m19-rewriting-challenge-search-both/logs/m19_collatz_S1_without_ff_end_to_0_end_arctic_d2_rw3.log,tool_log,,,,missing_sidecar,225,aedfcaf162bfcea574946af733f90316b27b0a95324e3329ee527fff091b96c1,,C:\dev\vert\collatz\reports\m19_github_runs\artifacts\25105347569\m19-rewriting-challenge-search-both\logs\m19_collatz_S1_without_ff_end_to_0_end_arctic_d2_rw3.log
m19_github_runs/artifacts/25105347569/m19-rewriting-challenge-search-both/logs/m19_collatz_S1_without_ff_end_to_0_end_arctic_d2_rw4.log,tool_log,,,,missing_sidecar,225,a3865371dee3b607fc5c4ddf193cb19b5cda13db63505a935c04ff2438f558fd,,C:\dev\vert\collatz\reports\m19_github_runs\artifacts\25105347569\m19-rewriting-challenge-search-both\logs\m19_collatz_S1_without_ff_end_to_0_end_arctic_d2_rw4.log
m19_github_runs/artifacts/25105347569/m19-rewriting-challenge-search-both/logs/m19_collatz_S1_without_ff_end_to_0_end_arctic_d2_rw5.log,tool_log,,,,missing_sidecar,226,1f62fec911c32f4d38fa07ec53c28995b0d0b7a55331acc538cffa93898aa845,,C:\dev\vert\collatz\reports\m19_github_runs\artifacts\25105347569\m19-rewriting-challenge-search-both\logs\m19_collatz_S1_without_ff_end_to_0_end_arctic_d2_rw5.log
m19_github_runs/artifacts/25105347569/m19-rewriting-challenge-search-both/logs/m19_collatz_S1_without_ff_end_to_0_end_arctic_d3_rw2.log,tool_log,,,,missing_sidecar,226,0897c7103f47fbdab455dbeac24f487a0b9d77dbb63568b1c964be3800a46912,,C:\dev\vert\collatz\reports\m19_github_runs\artifacts\25105347569\m19-rewriting-challenge-search-both\logs\m19_collatz_S1_without_ff_end_to_0_end_arctic_d3_rw2.log
m19_github_runs/artifacts/25105347569/m19-rewriting-challenge-search-both/logs/m19_collatz_S1_without_ff_end_to_0_end_arctic_d3_rw3.log,tool_log,,,,missing_sidecar,226,bb87f9a093c4091ff5d6a23c9909b9ebce3befc0a7180d47e5307fb23f292541,,C:\dev\vert\collatz\reports\m19_github_runs\artifacts\25105347569\m19-rewriting-challenge-search-both\logs\m19_collatz_S1_without_ff_end_to_0_end_arctic_d3_rw3.log
m19_github_runs/artifacts/25105347569/m19-rewriting-challenge-search-both/logs/m19_collatz_S1_without_ff_end_to_0_end_arctic_d3_rw4.log,tool_log,,,,missing_sidecar,227,92855260687a1acdb72ff36776f587b37fb2db840a36196af59de49f4066ceb0,,C:\dev\vert\collatz\reports\m19_github_runs\artifacts\25105347569\m19-rewriting-challenge-search-both\logs\m19_collatz_S1_without_ff_end_to_0_end_arctic_d3_rw4.log
m19_github_runs/artifacts/25105347569/m19-rewriting-challenge-search-both/logs/m19_collatz_S1_without_ff_end_to_0_end_arctic_d3_rw5.log,tool_log,,,,missing_sidecar,228,87f53431a61af9959cded69f6c3637c3eb9b8724a480696a8aed69ffb1aa7f77,,C:\dev\vert\collatz\reports\m19_github_runs\artifacts\25105347569\m19-rewriting-challenge-search-both\logs\m19_collatz_S1_without_ff_end_to_0_end_arctic_d3_rw5.log
m19_github_runs/artifacts/25105347569/m19-rewriting-challenge-search-both/logs/m19_collatz_S1_without_ff_end_to_0_end_natural_d1_rw2.log,tool_log,rewriting-collatz,,,missing_sidecar,810,c2f2cef55b524111b97042686883380872c2dc2665d2bfd753df7ce0bbba3187,,C:\dev\vert\collatz\reports\m19_github_runs\artifacts\25105347569\m19-rewriting-challenge-search-both\logs\m19_collatz_S1_without_ff_end_to_0_end_natural_d1_rw2.log
m19_github_runs/artifacts/25105347569/m19-rewriting-challenge-search-both/logs/m19_collatz_S1_without_ff_end_to_0_end_natural_d1_rw3.log,tool_log,,,,missing_sidecar,224,82af1ef7e7914752c1b82acc57cfb8058254f77fc7ce44797681f04040ee12f9,,C:\dev\vert\collatz\reports\m19_github_runs\artifacts\25105347569\m19-rewriting-challenge-search-both\logs\m19_collatz_S1_without_ff_end_to_0_end_natural_d1_rw3.log
m19_github_runs/artifacts/25105347569/m19-rewriting-challenge-search-both/logs/m19_collatz_S1_without_ff_end_to_0_end_natural_d1_rw4.log,tool_log,,,,missing_sidecar,225,11de31ed59c7f679c24e1c433bcec66f5dd252e3257f18a88daf1efaa83ba76d,,C:\dev\vert\collatz\reports\m19_github_runs\artifacts\25105347569\m19-rewriting-challenge-search-both\logs\m19_collatz_S1_without_ff_end_to_0_end_natural_d1_rw4.log
m19_github_runs/artifacts/25105347569/m19-rewriting-challenge-search-both/logs/m19_collatz_S1_without_ff_end_to_0_end_natural_d1_rw5.log,tool_log,,,,missing_sidecar,225,49d0281d4a69afd47e4468eea6f1cf8ede8a7001497e5dd79cb71b42feaf8b82,,C:\dev\vert\collatz\reports\m19_github_runs\artifacts\25105347569\m19-rewriting-challenge-search-both\logs\m19_collatz_S1_without_ff_end_to_0_end_natural_d1_rw5.log
m19_github_runs/artifacts/25105347569/m19-rewriting-challenge-search-both/logs/m19_collatz_S1_without_ff_end_to_0_end_natural_d2_rw2.log,tool_log,,,,missing_sidecar,225,5e364516e740e7a33e3ac18191af2d68587778413f0d37d9f8b17804b5c18a19,,C:\dev\vert\collatz\reports\m19_github_runs\artifacts\25105347569\m19-rewriting-challenge-search-both\logs\m19_collatz_S1_without_ff_end_to_0_end_natural_d2_rw2.log
m19_github_runs/artifacts/25105347569/m19-rewriting-challenge-search-both/logs/m19_collatz_S1_without_ff_end_to_0_end_natural_d2_rw3.log,tool_log,,,,missing_sidecar,226,c1fda24eb1f729418bfdec8e78cd0b30d7e3bd66c2aa6beaf8badc7ede426638,,C:\dev\vert\collatz\reports\m19_github_runs\artifacts\25105347569\m19-rewriting-challenge-search-both\logs\m19_collatz_S1_without_ff_end_to_0_end_natural_d2_rw3.log
m19_github_runs/artifacts/25105347569/m19-rewriting-challenge-search-both/logs/m19_collatz_S1_without_ff_end_to_0_end_natural_d2_rw4.log,tool_log,,,,missing_sidecar,226,6738a3b42b5582f2c519e0ea8ceab66116b91cd68c12112ca74431cdbd943008,,C:\dev\vert\collatz\reports\m19_github_runs\artifacts\25105347569\m19-rewriting-challenge-search-both\logs\m19_collatz_S1_without_ff_end_to_0_end_natural_d2_rw4.log
m19_github_runs/artifacts/25105347569/m19-rewriting-challenge-search-both/logs/m19_collatz_S1_without_ff_end_to_0_end_natural_d2_rw5.log,tool_log,,,,missing_sidecar,227,1def626ed41dc872ac622a7f74052892ae87de5ccb0d8a7256879d830ddbaa79,,C:\dev\vert\collatz\reports\m19_github_runs\artifacts\25105347569\m19-rewriting-challenge-search-both\logs\m19_collatz_S1_without_ff_end_to_0_end_natural_d2_rw5.log
m19_github_runs/artifacts/25105347569/m19-rewriting-challenge-search-both/logs/m19_collatz_S1_without_ff_end_to_0_end_natural_d3_rw2.log,tool_log,,,,missing_sidecar,226,6f1d1dac0a093ddf8cbce3a9fb645f316af2bcdf315388541e68372a38d78fd8,,C:\dev\vert\collatz\reports\m19_github_runs\artifacts\25105347569\m19-rewriting-challenge-search-both\logs\m19_collatz_S1_without_ff_end_to_0_end_natural_d3_rw2.log
m19_github_runs/artifacts/25105347569/m19-rewriting-challenge-search-both/logs/m19_collatz_S1_without_ff_end_to_0_end_natural_d3_rw3.log,tool_log,,,,missing_sidecar,227,c70b7c44abc6c84729a7b1e1034a97fcd48f661384c67f9d55f4a0d3fcac8c6a,,C:\dev\vert\collatz\reports\m19_github_runs\artifacts\25105347569\m19-rewriting-challenge-search-both\logs\m19_collatz_S1_without_ff_end_to_0_end_natural_d3_rw3.log
m19_github_runs/artifacts/25105347569/m19-rewriting-challenge-search-both/logs/m19_collatz_S1_without_ff_end_to_0_end_natural_d3_rw4.log,tool_log,,,,missing_sidecar,227,a2f44b271e94520b12622d118e406c676d9538a422524c8835c95902f55d462f,,C:\dev\vert\collatz\reports\m19_github_runs\artifacts\25105347569\m19-rewriting-challenge-search-both\logs\m19_collatz_S1_without_ff_end_to_0_end_natural_d3_rw4.log
m19_github_runs/artifacts/25105347569/m19-rewriting-challenge-search-both/logs/m19_collatz_S1_without_ff_end_to_0_end_natural_d3_rw5.log,tool_log,,,,missing_sidecar,228,5c09faa880e752761649610a36ec3cc5001804eb523d703db55971f79d1ec394,,C:\dev\vert\collatz\reports\m19_github_runs\artifacts\25105347569\m19-rewriting-challenge-search-both\logs\m19_collatz_S1_without_ff_end_to_0_end_natural_d3_rw5.log
m19_github_runs/artifacts/25105347569/m19-rewriting-challenge-search-both/logs/m19_collatz_S2_without_tf_end_to_end_arctic_d1_rw2.log,tool_log,,,,missing_sidecar,224,56faf1b84a4c7aecf1beb9bbdf6b6b561694938774dd7df8fda18ffe258d185a,,C:\dev\vert\collatz\reports\m19_github_runs\artifacts\25105347569\m19-rewriting-challenge-search-both\logs\m19_collatz_S2_without_tf_end_to_end_arctic_d1_rw2.log
m19_github_runs/artifacts/25105347569/m19-rewriting-challenge-search-both/logs/m19_collatz_S2_without_tf_end_to_end_arctic_d1_rw3.log,tool_log,,,,missing_sidecar,224,be6209c3f683705ae774f260519463005ad5599435059939a70d361d96aa5579,,C:\dev\vert\collatz\reports\m19_github_runs\artifacts\25105347569\m19-rewriting-challenge-search-both\logs\m19_collatz_S2_without_tf_end_to_end_arctic_d1_rw3.log
m19_github_runs/artifacts/25105347569/m19-rewriting-challenge-search-both/logs/m19_collatz_S2_without_tf_end_to_end_arctic_d1_rw4.log,tool_log,,,,missing_sidecar,225,ea7fe6c7a2ed7203f254a6711c35baa39b5696c1898119097417abad15239a6a,,C:\dev\vert\collatz\reports\m19_github_runs\artifacts\25105347569\m19-rewriting-challenge-search-both\logs\m19_collatz_S2_without_tf_end_to_end_arctic_d1_rw4.log
m19_github_runs/artifacts/25105347569/m19-rewriting-challenge-search-both/logs/m19_collatz_S2_without_tf_end_to_end_arctic_d1_rw5.log,tool_log,,,,missing_sidecar,225,3984091027c4677c7b7e7c15917902b6ade534757070eb70def6bea4dd8a40b8,,C:\dev\vert\collatz\reports\m19_github_runs\artifacts\25105347569\m19-rewriting-challenge-search-both\logs\m19_collatz_S2_without_tf_end_to_end_arctic_d1_rw5.log
m19_github_runs/artifacts/25105347569/m19-rewriting-challenge-search-both/logs/m19_collatz_S2_without_tf_end_to_end_arctic_d2_rw2.log,tool_log,,,,missing_sidecar,225,ed39c1fcb35b88e2979cdd1271c85a5c1c3bd3dd97d28d71494cdfac8069c683,,C:\dev\vert\collatz\reports\m19_github_runs\artifacts\25105347569\m19-rewriting-challenge-search-both\logs\m19_collatz_S2_without_tf_end_to_end_arctic_d2_rw2.log
m19_github_runs/artifacts/25105347569/m19-rewriting-challenge-search-both/logs/m19_collatz_S2_without_tf_end_to_end_arctic_d2_rw3.log,tool_log,,,,missing_sidecar,226,5b8b4730e24560d739435c77602c2eea128613672cc9b9f0cc116e798ed99068,,C:\dev\vert\collatz\reports\m19_github_runs\artifacts\25105347569\m19-rewriting-challenge-search-both\logs\m19_collatz_S2_without_tf_end_to_end_arctic_d2_rw3.log
m19_github_runs/artifacts/25105347569/m19-rewriting-challenge-search-both/logs/m19_collatz_S2_without_tf_end_to_end_arctic_d2_rw4.log,tool_log,,,,missing_sidecar,226,8523bb7b6f098bc1356d0b930bacf11df26988652ec29d312f9df8a3b434c24c,,C:\dev\vert\collatz\reports\m19_github_runs\artifacts\25105347569\m19-rewriting-challenge-search-both\logs\m19_collatz_S2_without_tf_end_to_end_arctic_d2_rw4.log
m19_github_runs/artifacts/25105347569/m19-rewriting-challenge-search-both/logs/m19_collatz_S2_without_tf_end_to_end_arctic_d2_rw5.log,tool_log,,,,missing_sidecar,227,c236c9cc39df29362a36c0f7ca94e2541bf8619c2396503a5355eb1b00b53deb,,C:\dev\vert\collatz\reports\m19_github_runs\artifacts\25105347569\m19-rewriting-challenge-search-both\logs\m19_collatz_S2_without_tf_end_to_end_arctic_d2_rw5.log
m19_github_runs/artifacts/25105347569/m19-rewriting-challenge-search-both/logs/m19_collatz_S2_without_tf_end_to_end_arctic_d3_rw2.log,tool_log,,,,missing_sidecar,227,343dfaa1fdc5130f9b90ca90150c21582b62cc57e7b355284280929def4d0739,,C:\dev\vert\collatz\reports\m19_github_runs\artifacts\25105347569\m19-rewriting-challenge-search-both\logs\m19_collatz_S2_without_tf_end_to_end_arctic_d3_rw2.log
m19_github_runs/artifacts/25105347569/m19-rewriting-challenge-search-both/logs/m19_collatz_S2_without_tf_end_to_end_arctic_d3_rw3.log,tool_log,,,,missing_sidecar,227,cd8ce76a4321e718d05520b907ffa75b0090c37e4ece2f015935690e577be9c7,,C:\dev\vert\collatz\reports\m19_github_runs\artifacts\25105347569\m19-rewriting-challenge-search-both\logs\m19_collatz_S2_without_tf_end_to_end_arctic_d3_rw3.log
m19_github_runs/artifacts/25105347569/m19-rewriting-challenge-search-both/logs/m19_collatz_S2_without_tf_end_to_end_arctic_d3_rw4.log,tool_log,,,,missing_sidecar,228,6d65d5766ac4e29c82dcb87fb3966c9f9d879c2f204830a41cb68232a647e4d9,,C:\dev\vert\collatz\reports\m19_github_runs\artifacts\25105347569\m19-rewriting-challenge-search-both\logs\m19_collatz_S2_without_tf_end_to_end_arctic_d3_rw4.log
m19_github_runs/artifacts/25105347569/m19-rewriting-challenge-search-both/logs/m19_collatz_S2_without_tf_end_to_end_arctic_d3_rw5.log,tool_log,,,,missing_sidecar,229,e6a449d21fa32ac22ec61e173001478538b47330911d4444fe7ba9c63f6134c7,,C:\dev\vert\collatz\reports\m19_github_runs\artifacts\25105347569\m19-rewriting-challenge-search-both\logs\m19_collatz_S2_without_tf_end_to_end_arctic_d3_rw5.log
m19_github_runs/artifacts/25105347569/m19-rewriting-challenge-search-both/logs/m19_collatz_S2_without_tf_end_to_end_natural_d1_rw2.log,tool_log,,,,missing_sidecar,224,ea33207f92d4d4da0d951aa6da279c209bab260192ee84cb8cede95ec93f1d76,,C:\dev\vert\collatz\reports\m19_github_runs\artifacts\25105347569\m19-rewriting-challenge-search-both\logs\m19_collatz_S2_without_tf_end_to_end_natural_d1_rw2.log
m19_github_runs/artifacts/25105347569/m19-rewriting-challenge-search-both/logs/m19_collatz_S2_without_tf_end_to_end_natural_d1_rw3.log,tool_log,,,,missing_sidecar,225,7c9dbec2fc88c185c3211ec37760e6b6d449da8239339381ef5e76ac55d86279,,C:\dev\vert\collatz\reports\m19_github_runs\artifacts\25105347569\m19-rewriting-challenge-search-both\logs\m19_collatz_S2_without_tf_end_to_end_natural_d1_rw3.log
m19_github_runs/artifacts/25105347569/m19-rewriting-challenge-search-both/logs/m19_collatz_S2_without_tf_end_to_end_natural_d1_rw4.log,tool_log,,,,missing_sidecar,226,c9361470084a0106bc783e653ddb7306b75ec170d0168a02ccdfc0f97415dc10,,C:\dev\vert\collatz\reports\m19_github_runs\artifacts\25105347569\m19-rewriting-challenge-search-both\logs\m19_collatz_S2_without_tf_end_to_end_natural_d1_rw4.log
m19_github_runs/artifacts/25105347569/m19-rewriting-challenge-search-both/logs/m19_collatz_S2_without_tf_end_to_end_natural_d1_rw5.log,tool_log,,,,missing_sidecar,226,138ed60b025882888fcd8c44217ae7683d78250b0143145f08e3f9d135f2a452,,C:\dev\vert\collatz\reports\m19_github_runs\artifacts\25105347569\m19-rewriting-challenge-search-both\logs\m19_collatz_S2_without_tf_end_to_end_natural_d1_rw5.log
m19_github_runs/artifacts/25105347569/m19-rewriting-challenge-search-both/logs/m19_collatz_S2_without_tf_end_to_end_natural_d2_rw2.log,tool_log,,,,missing_sidecar,226,bda2e6f66a336c9e9e5096f84680c4181ee87e81b0ba786d2b63eea7e5962fd1,,C:\dev\vert\collatz\reports\m19_github_runs\artifacts\25105347569\m19-rewriting-challenge-search-both\logs\m19_collatz_S2_without_tf_end_to_end_natural_d2_rw2.log
m19_github_runs/artifacts/25105347569/m19-rewriting-challenge-search-both/logs/m19_collatz_S2_without_tf_end_to_end_natural_d2_rw3.log,tool_log,,,,missing_sidecar,227,cbbd63e9a2d7f53c78c7fadd197adcecf9ea63d5ef48ab866bcf0041ad0f937b,,C:\dev\vert\collatz\reports\m19_github_runs\artifacts\25105347569\m19-rewriting-challenge-search-both\logs\m19_collatz_S2_without_tf_end_to_end_natural_d2_rw3.log
m19_github_runs/artifacts/25105347569/m19-rewriting-challenge-search-both/logs/m19_collatz_S2_without_tf_end_to_end_natural_d2_rw4.log,tool_log,,,,missing_sidecar,227,8f6a4f310e9e50b5eefde05f56e2dcdb2b165a4cb9ab81b6b0df1b3aafd71957,,C:\dev\vert\collatz\reports\m19_github_runs\artifacts\25105347569\m19-rewriting-challenge-search-both\logs\m19_collatz_S2_without_tf_end_to_end_natural_d2_rw4.log
m19_github_runs/artifacts/25105347569/m19-rewriting-challenge-search-both/logs/m19_collatz_S2_without_tf_end_to_end_natural_d2_rw5.log,tool_log,,,,missing_sidecar,228,c5741625ada2d4b3108aadde7d4e24ee4f132c090c95d62c68204fc48902516d,,C:\dev\vert\collatz\reports\m19_github_runs\artifacts\25105347569\m19-rewriting-challenge-search-both\logs\m19_collatz_S2_without_tf_end_to_end_natural_d2_rw5.log
m19_github_runs/artifacts/25105347569/m19-rewriting-challenge-search-both/logs/m19_collatz_S2_without_tf_end_to_end_natural_d3_rw2.log,tool_log,,,,missing_sidecar,227,4c672dd40e0a76995352939a534c2b72ec1fe18d0bf3fcee291752b511becac3,,C:\dev\vert\collatz\reports\m19_github_runs\artifacts\25105347569\m19-rewriting-challenge-search-both\logs\m19_collatz_S2_without_tf_end_to_end_natural_d3_rw2.log
m19_github_runs/artifacts/25105347569/m19-rewriting-challenge-search-both/logs/m19_collatz_S2_without_tf_end_to_end_natural_d3_rw3.log,tool_log,,,,missing_sidecar,228,caa12dfb71d0114f7da0ce8f4f18a008767989df421cb8b86f599bead733a4f7,,C:\dev\vert\collatz\reports\m19_github_runs\artifacts\25105347569\m19-rewriting-challenge-search-both\logs\m19_collatz_S2_without_tf_end_to_end_natural_d3_rw3.log
m19_github_runs/artifacts/25105347569/m19-rewriting-challenge-search-both/logs/m19_collatz_S2_without_tf_end_to_end_natural_d3_rw4.log,tool_log,,,,missing_sidecar,228,4c9cf61c0ffa098d136ef835c1eb9f8883851716bbdd11e857d11f10c61e58c4,,C:\dev\vert\collatz\reports\m19_github_runs\artifacts\25105347569\m19-rewriting-challenge-search-both\logs\m19_collatz_S2_without_tf_end_to_end_natural_d3_rw4.log
m19_github_runs/artifacts/25105347569/m19-rewriting-challenge-search-both/logs/m19_collatz_S2_without_tf_end_to_end_natural_d3_rw5.log,tool_log,,,,missing_sidecar,229,7ed3d5f81c48c9443e2710d2d2ea987d9216a13c8cffc947f60b940fe3ad8c6a,,C:\dev\vert\collatz\reports\m19_github_runs\artifacts\25105347569\m19-rewriting-challenge-search-both\logs\m19_collatz_S2_without_tf_end_to_end_natural_d3_rw5.log
m19_github_runs/artifacts/25105347569/m19-rewriting-challenge-search-both/m19_challenge_grid.csv,inventory_or_report,rewriting-collatz,TIMEOUT,,missing_sidecar,12276,73e24a6e4cb0a42c61ff824de6563369875fbe815de278319fd35bf1cb7c1e5d,,C:\dev\vert\collatz\reports\m19_github_runs\artifacts\25105347569\m19-rewriting-challenge-search-both\m19_challenge_grid.csv
m19_github_runs/artifacts/25105347569/m19-rewriting-challenge-search-both/m19_challenge_grid.md,inventory_or_report,rewriting-collatz,,,missing_sidecar,4805,d2ccf94e238a8f3ef650e29aa360a6b49e8f70ff3ab5ccde063bbeade0bc6335,qed,C:\dev\vert\collatz\reports\m19_github_runs\artifacts\25105347569\m19-rewriting-challenge-search-both\m19_challenge_grid.md
m19_github_runs/artifacts/25105375622/m19-matchbox-challenge-search-both/logs/m19_collatz_S1_without_ff_end_to_0_end.matchbox.log,tool_log,matchbox,,,missing_sidecar,92,719bce803c94f39dd861f658e9ed8af311e84a80d9d70d70acd120e5c4edc654,,C:\dev\vert\collatz\reports\m19_github_runs\artifacts\25105375622\m19-matchbox-challenge-search-both\logs\m19_collatz_S1_without_ff_end_to_0_end.matchbox.log
m19_github_runs/artifacts/25105375622/m19-matchbox-challenge-search-both/logs/m19_collatz_S2_without_tf_end_to_end.matchbox.log,tool_log,matchbox,,,missing_sidecar,92,719bce803c94f39dd861f658e9ed8af311e84a80d9d70d70acd120e5c4edc654,,C:\dev\vert\collatz\reports\m19_github_runs\artifacts\25105375622\m19-matchbox-challenge-search-both\logs\m19_collatz_S2_without_tf_end_to_end.matchbox.log
m19_github_runs/artifacts/25105375622/m19-matchbox-challenge-search-both/m19_matchbox_challenges.csv,inventory_or_report,matchbox,ERROR,,missing_sidecar,1051,315d6efb3bf26c279c06862c32467cc0c03b1d9e52950621289f338337a9d87c,contains-sha256,C:\dev\vert\collatz\reports\m19_github_runs\artifacts\25105375622\m19-matchbox-challenge-search-both\m19_matchbox_challenges.csv
m19_github_runs/artifacts/25105375622/m19-matchbox-challenge-search-both/m19_matchbox_challenges.json,inventory_or_report,matchbox,,,missing_sidecar,1373,37e7c9389e65b3ffd6b09bfdfd73196e4573e198f7159e6d583d3d8062fd90f3,contains-sha256,C:\dev\vert\collatz\reports\m19_github_runs\artifacts\25105375622\m19-matchbox-challenge-search-both\m19_matchbox_challenges.json
m19_github_runs/artifacts/25105375622/m19-matchbox-challenge-search-both/m19_matchbox_challenges.md,inventory_or_report,matchbox,,,missing_sidecar,1153,587261108ffc2d1eed4e0ab4c44c00d5c634ad6c956c37f54f04da320e721242,mentions-top-level,C:\dev\vert\collatz\reports\m19_github_runs\artifacts\25105375622\m19-matchbox-challenge-search-both\m19_matchbox_challenges.md
m19_github_runs/artifacts/25105647983/m19-rewriting-challenge-search-S2/logs/m19_collatz_S2_without_tf_end_to_end_arctic_d1_rw3.log,tool_log,,,,missing_sidecar,225,8d4871bbeeff6749e30fdecf9063acff379777bca91486f4e4dc4b948029bbc0,,C:\dev\vert\collatz\reports\m19_github_runs\artifacts\25105647983\m19-rewriting-challenge-search-S2\logs\m19_collatz_S2_without_tf_end_to_end_arctic_d1_rw3.log
m19_github_runs/artifacts/25105647983/m19-rewriting-challenge-search-S2/logs/m19_collatz_S2_without_tf_end_to_end_arctic_d2_rw3.log,tool_log,,,,missing_sidecar,227,f4ad0d209035c9cb5db2c875487e0e35ee3c929fb7ed088e6b8d696399377f61,,C:\dev\vert\collatz\reports\m19_github_runs\artifacts\25105647983\m19-rewriting-challenge-search-S2\logs\m19_collatz_S2_without_tf_end_to_end_arctic_d2_rw3.log
m19_github_runs/artifacts/25105647983/m19-rewriting-challenge-search-S2/logs/m19_collatz_S2_without_tf_end_to_end_natural_d1_rw3.log,tool_log,rewriting-collatz,,,missing_sidecar,813,a4f24db874f95aeb1ccf41e035546f0b7880dacdd06b3cb54a90712a1a69117a,,C:\dev\vert\collatz\reports\m19_github_runs\artifacts\25105647983\m19-rewriting-challenge-search-S2\logs\m19_collatz_S2_without_tf_end_to_end_natural_d1_rw3.log
m19_github_runs/artifacts/25105647983/m19-rewriting-challenge-search-S2/logs/m19_collatz_S2_without_tf_end_to_end_natural_d2_rw3.log,tool_log,,,,missing_sidecar,228,a23f8e059828708a495e65ab88be3a90cdc0ea4f08e339bf44bed50d5a108463,,C:\dev\vert\collatz\reports\m19_github_runs\artifacts\25105647983\m19-rewriting-challenge-search-S2\logs\m19_collatz_S2_without_tf_end_to_end_natural_d2_rw3.log
m19_github_runs/artifacts/25105647983/m19-rewriting-challenge-search-S2/m19_challenge_grid.csv,inventory_or_report,rewriting-collatz,,,missing_sidecar,1205,1847238504acaf95d066785fd125bf243de3e7384d7a0c60016f85c3310ec876,,C:\dev\vert\collatz\reports\m19_github_runs\artifacts\25105647983\m19-rewriting-challenge-search-S2\m19_challenge_grid.csv
m19_github_runs/artifacts/25105647983/m19-rewriting-challenge-search-S2/m19_challenge_grid.md,inventory_or_report,rewriting-collatz,,,missing_sidecar,615,518e7c3bf90f48a6970e083a765a309a7aec1e27a5a2a6f54c5b6c03d2272658,qed,C:\dev\vert\collatz\reports\m19_github_runs\artifacts\25105647983\m19-rewriting-challenge-search-S2\m19_challenge_grid.md
m19_github_runs/artifacts/25105756640/m19-rewriting-challenge-search-S2/logs/m19_collatz_S2_without_tf_end_to_end_arctic_d1_rw3.log,tool_log,,,,missing_sidecar,225,8d4871bbeeff6749e30fdecf9063acff379777bca91486f4e4dc4b948029bbc0,,C:\dev\vert\collatz\reports\m19_github_runs\artifacts\25105756640\m19-rewriting-challenge-search-S2\logs\m19_collatz_S2_without_tf_end_to_end_arctic_d1_rw3.log
m19_github_runs/artifacts/25105756640/m19-rewriting-challenge-search-S2/logs/m19_collatz_S2_without_tf_end_to_end_arctic_d2_rw3.log,tool_log,,,,missing_sidecar,227,f4ad0d209035c9cb5db2c875487e0e35ee3c929fb7ed088e6b8d696399377f61,,C:\dev\vert\collatz\reports\m19_github_runs\artifacts\25105756640\m19-rewriting-challenge-search-S2\logs\m19_collatz_S2_without_tf_end_to_end_arctic_d2_rw3.log
m19_github_runs/artifacts/25105756640/m19-rewriting-challenge-search-S2/logs/m19_collatz_S2_without_tf_end_to_end_natural_d1_rw3.log,tool_log,rewriting-collatz,,,missing_sidecar,813,6db507a99b78235c87a6e082727f4bba162708b40414492ae93c5db160eb7f71,,C:\dev\vert\collatz\reports\m19_github_runs\artifacts\25105756640\m19-rewriting-challenge-search-S2\logs\m19_collatz_S2_without_tf_end_to_end_natural_d1_rw3.log
m19_github_runs/artifacts/25105756640/m19-rewriting-challenge-search-S2/logs/m19_collatz_S2_without_tf_end_to_end_natural_d2_rw3.log,tool_log,,,,missing_sidecar,228,a23f8e059828708a495e65ab88be3a90cdc0ea4f08e339bf44bed50d5a108463,,C:\dev\vert\collatz\reports\m19_github_runs\artifacts\25105756640\m19-rewriting-challenge-search-S2\logs\m19_collatz_S2_without_tf_end_to_end_natural_d2_rw3.log
m19_github_runs/artifacts/25105756640/m19-rewriting-challenge-search-S2/m19_challenge_grid.csv,inventory_or_report,rewriting-collatz,,,missing_sidecar,1205,c2d9a2557bba428e28310b93b16f0a3e24ea1461372999589a71150ccc09d7e3,,C:\dev\vert\collatz\reports\m19_github_runs\artifacts\25105756640\m19-rewriting-challenge-search-S2\m19_challenge_grid.csv
m19_github_runs/artifacts/25105756640/m19-rewriting-challenge-search-S2/m19_challenge_grid.md,inventory_or_report,rewriting-collatz,,,missing_sidecar,615,3b74c4e158fed3d91a1a49c0e4a12ec11c156e12575dfa8bd314abdc9d833fd6,qed,C:\dev\vert\collatz\reports\m19_github_runs\artifacts\25105756640\m19-rewriting-challenge-search-S2\m19_challenge_grid.md
m19_github_runs/artifacts/25105756807/m19-rewriting-reproduction-zantema/m19_rewriting_proof_inventory.csv,inventory_or_report,rewriting-collatz,,,missing_sidecar,174,9e40f397e67f8142430f27fa82f176fe736e7e4f4ac1ad724a4b6ff4fccabd4d,,C:\dev\vert\collatz\reports\m19_github_runs\artifacts\25105756807\m19-rewriting-reproduction-zantema\m19_rewriting_proof_inventory.csv
m19_github_runs/artifacts/25105756807/m19-rewriting-reproduction-zantema/m19_rewriting_proof_inventory.md,inventory_or_report,rewriting-collatz,,,missing_sidecar,573,e5cda0a848078805e9b608164aca86cb66ca9d380f4b51f941ce78cfc20572ed,"qed,sat",C:\dev\vert\collatz\reports\m19_github_runs\artifacts\25105756807\m19-rewriting-reproduction-zantema\m19_rewriting_proof_inventory.md
m19_github_runs/artifacts/25105756807/m19-rewriting-reproduction-zantema/rewriting-collatz/proofs/zantema.log,tool_log,rewriting-collatz,,,missing_sidecar,2366,1d7d8f4f9e690f5e4393d442fbac19e07b5dcdba846f7c6114e865afecbf76a6,"qed,sat",C:\dev\vert\collatz\reports\m19_github_runs\artifacts\25105756807\m19-rewriting-reproduction-zantema\rewriting-collatz\proofs\zantema.log
m19_github_runs/artifacts/25105756825/m19-aprove-environment-probe-both/logs/m19_collatz_S1_without_ff_end_to_0_end.aprove.aprove-probe.log,tool_log,aprove,KILLED,,missing_sidecar,574094,a4faa9ea9e3248a0ec1f11aa794a247930ff35097cd8d243078781950f8a72d7,versioned,C:\dev\vert\collatz\reports\m19_github_runs\artifacts\25105756825\m19-aprove-environment-probe-both\logs\m19_collatz_S1_without_ff_end_to_0_end.aprove.aprove-probe.log
m19_github_runs/artifacts/25105756825/m19-aprove-environment-probe-both/logs/m19_collatz_S2_without_tf_end_to_end.aprove.aprove-probe.log,tool_log,aprove,KILLED,,missing_sidecar,522199,d1d00381e5fa22145aec49ac233c24cc3f3368a1e1075c6c7c3add9f1d57add3,versioned,C:\dev\vert\collatz\reports\m19_github_runs\artifacts\25105756825\m19-aprove-environment-probe-both\logs\m19_collatz_S2_without_tf_end_to_end.aprove.aprove-probe.log
m19_github_runs/artifacts/25105756825/m19-aprove-environment-probe-both/m19_aprove_environment_probe.json,inventory_or_report,aprove,,,missing_sidecar,4790,a43799d6cddd86a3ce8dad721a487a9266680805e39b3ff24e20404b18b74842,versioned,C:\dev\vert\collatz\reports\m19_github_runs\artifacts\25105756825\m19-aprove-environment-probe-both\m19_aprove_environment_probe.json
m19_github_runs/artifacts/25105756825/m19-aprove-environment-probe-both/m19_aprove_environment_probe.md,inventory_or_report,aprove,,,missing_sidecar,2075,a3030214af9c41b3f77bc5850d38715e8dafa07a6c0ab5176f24595b50c5da93,,C:\dev\vert\collatz\reports\m19_github_runs\artifacts\25105756825\m19-aprove-environment-probe-both\m19_aprove_environment_probe.md
m19_github_runs/artifacts/25105756825/m19-aprove-environment-probe-both/m19_aprove_environment_probe_runs.csv,inventory_or_report,aprove,,,missing_sidecar,691,1e068ff7c491558e943fa33b5ece2964d323df0927bd588e805f1e14c1690a20,,C:\dev\vert\collatz\reports\m19_github_runs\artifacts\25105756825\m19-aprove-environment-probe-both\m19_aprove_environment_probe_runs.csv
m19_github_runs/m19_runs_20260429_after_first_ci.csv,inventory_or_report,aprove,,,missing_sidecar,839,ba6e4d9325d0665568666875e2c7bb32ddba6d8263e4e598edba04ae35d2a734,,C:\dev\vert\collatz\reports\m19_github_runs\m19_runs_20260429_after_first_ci.csv
m19_github_runs/m19_runs_20260429_after_first_ci.md,inventory_or_report,aprove,,,missing_sidecar,943,8c40a3962e35da578818318e1f55279e6ef26f508dcb2392edebcb583785f321,mentions-top-level,C:\dev\vert\collatz\reports\m19_github_runs\m19_runs_20260429_after_first_ci.md
m19_github_runs/m19_runs_20260429_current.csv,inventory_or_report,"aprove,matchbox",,,missing_sidecar,2824,82490732cb6544806b6b0b9e13db49edb326f514c8cbf522298fc20c6824cf9c,,C:\dev\vert\collatz\reports\m19_github_runs\m19_runs_20260429_current.csv
m19_github_runs/m19_runs_20260429_current.md,inventory_or_report,"aprove,matchbox",,,missing_sidecar,2220,b9010260da361e891bce229c687e3e2c2b433a6b7f4412cf6960bca7f7770ce9,mentions-top-level,C:\dev\vert\collatz\reports\m19_github_runs\m19_runs_20260429_current.md
m19_github_runs/m19_runs_20260429_initial.csv,inventory_or_report,aprove,,,missing_sidecar,829,78e4932265a66cb63e60516266faa8dffd2a694e98aba72c15b93e1dbcaabd76,,C:\dev\vert\collatz\reports\m19_github_runs\m19_runs_20260429_initial.csv
m19_github_runs/m19_runs_20260429_initial.md,inventory_or_report,aprove,,,missing_sidecar,933,00f0065a99c5a0ed92c04c7709c34224b724fdff013d158b4c0ef5658cbf6e9c,mentions-top-level,C:\dev\vert\collatz\reports\m19_github_runs\m19_runs_20260429_initial.md
m19_github_runs/m19_runs_20260429_second_ci_partial.csv,inventory_or_report,"aprove,matchbox",,,missing_sidecar,1087,c374fab74f634bb6f5c34dfca4383354759ece46c7648fc4af9921dfbcc873b8,,C:\dev\vert\collatz\reports\m19_github_runs\m19_runs_20260429_second_ci_partial.csv
m19_github_runs/m19_runs_20260429_second_ci_partial.md,inventory_or_report,"aprove,matchbox",,,missing_sidecar,1099,956bba533a9b9be1995159818ec2121f8cb3dc42eb38fa3b28311abbd7d90696,mentions-top-level,C:\dev\vert\collatz\reports\m19_github_runs\m19_runs_20260429_second_ci_partial.md
m19_rewriting_challenges/README.md,inventory_or_report,"aprove,rewriting-collatz",,,missing_sidecar,1892,7d7b457c9e099c70c3b40df881c3637960c27abc5b62a126582cc32394d4c12c,,C:\dev\vert\collatz\reports\m19_rewriting_challenges\README.md
m19_rewriting_official_proof_inventory.csv,inventory_or_report,rewriting-collatz,,,missing_sidecar,2631,662e8b2950922c7d528ae03aec537f36a15618ec7e73ce6fa65b7bc66015aa22,,C:\dev\vert\collatz\reports\m19_rewriting_official_proof_inventory.csv
m19_rewriting_official_proof_inventory.md,inventory_or_report,rewriting-collatz,,,missing_sidecar,3503,9b3870b4ff2d13ce30bd6643944ebc6c81c9e3aca15ac1e5bae0df9e2e9f6b6d,"qed,sat",C:\dev\vert\collatz\reports\m19_rewriting_official_proof_inventory.md
m19_rewriting_zantema_inventory.csv,inventory_or_report,rewriting-collatz,,,missing_sidecar,176,a32599c565b10705bb2b93109d065a8980fc6f01e15a8805672236f8499ecc9f,,C:\dev\vert\collatz\reports\m19_rewriting_zantema_inventory.csv
m19_rewriting_zantema_inventory.md,inventory_or_report,rewriting-collatz,,,missing_sidecar,594,abdf9381ac511e56c37309a536e7dfb3f4f6e60097711b0353fd8bae6d35f76f,"qed,sat",C:\dev\vert\collatz\reports\m19_rewriting_zantema_inventory.md
